<?xml version="1.0" encoding="UTF-8"?><metadata>
    <idinfo>
        <citation>
            <citeinfo>
                <title>Orange County Administrative Cities-Unincorporated land boundaries</title>
                <geoform>vector digital data</geoform>
            </citeinfo>
        </citation>
        <descript>
            <abstract>Land boundaries for Orange county cities, and unincorporated areas (based on the five supervisorial districts).</abstract>
            <purpose>Land boundaries for Orange County cities, and unincorporated areas</purpose>
        </descript>
        <keywords>
            <theme>
                <themekt>None</themekt>
                <themekey>Orange County</themekey>
                <themekey>California</themekey>
                <themekey>Cities</themekey>
                <themekey>Unincorporated</themekey>
                <themekey>Administrative</themekey>
                <themekey>Boundaries</themekey>
                <themekey>OCDT</themekey>
                <themekey>Digital Twin</themekey>
            </theme>
        </keywords>
        <accconst>None</accconst>
        <useconst>Orange County Public Works, OC Survey Geospatial Services, Dr. Kostas Alexandridis, GISP.</useconst>
        <datacred>Orange County Public Works, OC Survey Geospatial Services, Dr. Kostas Alexandridis, GISP.</datacred>
        <native>Esri ArcGIS 12.8.0.29751</native>
    </idinfo>
    <spdoinfo>
        <direct>Vector</direct>
        <ptvctinf>
            <sdtsterm>
                <sdtstype>GT-polygon composed of chains</sdtstype>
                <ptvctcnt>0</ptvctcnt>
            </sdtsterm>
        </ptvctinf>
    </spdoinfo>
    <eainfo>
        <detailed>
            <enttyp>
                <enttypl>OCCityUnincorporatedLandBoundaries</enttypl>
            </enttyp>
            <attr>
                <attrlabl>OBJECTID</attrlabl>
                <attrdef>Internal feature number.</attrdef>
                <attrdefs>Esri</attrdefs>
                <attrdomv>
                                        
                    <udom>Sequential unique whole numbers that are automatically generated.</udom>
                                    
                </attrdomv>
            </attr>
            <attr>
                <attrlabl>Shape</attrlabl>
                <attrdef>Feature geometry.</attrdef>
                <attrdefs>Esri</attrdefs>
                <attrdomv>
                                        
                    <udom>Coordinates defining the features.</udom>
                                    
                </attrdomv>
            </attr>
            <attr>
                <attrlabl>STATEFP</attrlabl>
            </attr>
            <attr>
                <attrlabl>PLACEFP</attrlabl>
            </attr>
            <attr>
                <attrlabl>PLACENS</attrlabl>
            </attr>
            <attr>
                <attrlabl>GEOID</attrlabl>
            </attr>
            <attr>
                <attrlabl>NAME</attrlabl>
            </attr>
            <attr>
                <attrlabl>GEOID_Data</attrlabl>
            </attr>
            <attr>
                <attrlabl>HUT</attrlabl>
            </attr>
            <attr>
                <attrlabl>HUO</attrlabl>
            </attr>
            <attr>
                <attrlabl>HUV</attrlabl>
            </attr>
            <attr>
                <attrlabl>MYSB</attrlabl>
            </attr>
            <attr>
                <attrlabl>NRM</attrlabl>
            </attr>
            <attr>
                <attrlabl>NRA</attrlabl>
            </attr>
            <attr>
                <attrlabl>AHSO</attrlabl>
            </attr>
            <attr>
                <attrlabl>POHUT</attrlabl>
            </attr>
            <attr>
                <attrlabl>POHUO</attrlabl>
            </attr>
            <attr>
                <attrlabl>POHUR</attrlabl>
            </attr>
            <attr>
                <attrlabl>HUFR</attrlabl>
            </attr>
            <attr>
                <attrlabl>HUFS</attrlabl>
            </attr>
            <attr>
                <attrlabl>ANVOHU</attrlabl>
            </attr>
            <attr>
                <attrlabl>HUSOL</attrlabl>
            </attr>
            <attr>
                <attrlabl>HVM</attrlabl>
            </attr>
            <attr>
                <attrlabl>HVU</attrlabl>
            </attr>
            <attr>
                <attrlabl>HVA</attrlabl>
            </attr>
            <attr>
                <attrlabl>HVPA</attrlabl>
            </attr>
            <attr>
                <attrlabl>HUMOR</attrlabl>
            </attr>
            <attr>
                <attrlabl>HUNMOR</attrlabl>
            </attr>
            <attr>
                <attrlabl>RENTM</attrlabl>
            </attr>
            <attr>
                <attrlabl>POPT</attrlabl>
            </attr>
            <attr>
                <attrlabl>POPM</attrlabl>
            </attr>
            <attr>
                <attrlabl>POPF</attrlabl>
            </attr>
            <attr>
                <attrlabl>POPWH</attrlabl>
            </attr>
            <attr>
                <attrlabl>POPBL</attrlabl>
            </attr>
            <attr>
                <attrlabl>POPAS</attrlabl>
            </attr>
            <attr>
                <attrlabl>POPHL</attrlabl>
            </attr>
            <attr>
                <attrlabl>Area</attrlabl>
            </attr>
            <attr>
                <attrlabl>PopDens</attrlabl>
            </attr>
            <attr>
                <attrlabl>HUDens</attrlabl>
            </attr>
            <attr>
                <attrlabl>PlaceType</attrlabl>
            </attr>
            <attr>
                <attrlabl>Shape_Length</attrlabl>
                <attrdef>Length of feature in internal units.</attrdef>
                <attrdefs>Esri</attrdefs>
                <attrdomv>
                                        
                    <udom>Positive real numbers that are automatically generated.</udom>
                                    
                </attrdomv>
            </attr>
            <attr>
                <attrlabl>Shape_Area</attrlabl>
                <attrdef>Area of feature in internal units squared.</attrdef>
                <attrdefs>Esri</attrdefs>
                <attrdomv>
                                        
                    <udom>Positive real numbers that are automatically generated.</udom>
                                    
                </attrdomv>
            </attr>
        </detailed>
    </eainfo>
    <metainfo>
        <metd>20230730</metd>
        <metstdn>FGDC Content Standard for Digital Geospatial Metadata</metstdn>
        <metstdv>FGDC-STD-001-1998</metstdv>
        <mettc>local time</mettc>
    </metainfo>
</metadata>
