OBJECTID,AREA,PERIMETER,GPLAN_INDEX2_,GPLAN_INDEX2_ID,CITY,CITYNAME_ALF,SYMBOL_COLORNAME,COMP_NO,TYPE,ADOPTED,SYMBOL,NAME,ACRES,CITY_COMM_NAME,ZCIP_PHASE,SQ_MILES,JURISDICTION,area_1,len,Shape__Area,Shape__Length,GlobalID
4425,217948944.003535,80384.93338446,,,,AGOURA HILLS,,,,,25,,5003.41928383,AGOURA HILLS,,7.81784263,INCORPORATED CITY,,,217948953.048828,80384.759753747,c97a6e55-825e-4d6f-8907-11b7a0a9bdd2
4426,212764906.22392,69047.40451832,,,,ALHAMBRA,,,,,25,,4884.41015206,ALHAMBRA,,7.63189086,INCORPORATED CITY,,,212765305.951172,69046.9061616317,6fd3426b-d6b1-492f-a883-6fdcfaed014b
4427,31866984.424742,26617.79823473,,,,,,,ISLAND,10-06-15,83,ALONDRA PARK,731.56529901,ALONDRA PARK,,1.14307078,UNINCORPORATED AREA,,,31866984.4228516,26617.7982347524,48e32505-fa31-49be-8804-f7104a5d098d
4428,244113957.907744,95045.3026829,,,,,,,COMMUNITY,07-10-86,83,ALTADENA,5604.08535142,ALTADENA,,8.75638336,UNINCORPORATED AREA,,,244113958.717773,95045.0661267258,3f45914d-0888-4711-baec-01bef74a883a
4429,50187179632.3067,2621625.32633424,,,,,,,AREA,06-16-15,83,ANTELOPE VALLEY,1152139.11001622,ANTELOPE VALLEY,,1800.21735963,UNINCORPORATED AREA,,,50187180295.3369,2621624.17991304,2d91b381-3ad8-442f-8bb1-2df72d6a578a
4430,309686071.870969,132160.48790681,,,,ARCADIA,,,,,13,,7109.4139548,ARCADIA,,11.10845931,INCORPORATED CITY,,,309686070.612305,132160.306622913,b1ace8aa-967f-4f94-ae6c-5e9d5a32deb6
4431,45203666.420134,40936.7137978,,,,ARTESIA,,,,,67,,1037.73338889,ARTESIA,,1.62145842,INCORPORATED CITY,,,45203666.4160156,40936.7137978455,9dcb46b1-8198-46c1-b3bf-6b0a2f972582
4432,80339333.1909278,57467.57630219,,,,AVALON,,,,,25,,1844.33730925,AVALON,,2.88177705,INCORPORATED CITY,,,80339333.1923828,57467.5763021812,fbca9d3a-cea8-4007-909b-b7439f648aa7
4433,69374790.6187638,79520.39945533,,,,,,,ISLAND,10-06-15,83,AVOCADO HEIGHTS,1592.62604726,AVOCADO HEIGHTS,,2.4884782,UNINCORPORATED AREA,,,69374874.359375,79520.3112451427,611f540b-b785-4063-af08-202fe23d1f1a
4434,269291693.532933,158854.2599926,,,,AZUSA,,,,,25,,6182.0866284,AZUSA,,9.65951036,INCORPORATED CITY,,,269291960.476563,158853.43777257,23c7cd30-202c-40c4-a275-6c797a0e98c0
4435,188909957.987093,87540.41494081,,,,BALDWIN PARK,,,,,13,,4336.77589502,BALDWIN PARK,,6.77621234,INCORPORATED CITY,,,188909776.742188,87540.3358230299,522c03d4-b9c2-4a4c-858d-74a0139d8587
4436,7479560.06395561,16549.63946491,,,,,,,ISLAND,10-06-15,83,BALLONA WETLANDS,171.70707218,BALLONA WETLANDS,,0.2682923,UNINCORPORATED AREA,,,7479560.06445313,16549.6394649194,9f6ea5ed-fb63-427a-8d2e-86e281195884
4437,1336160.24791827,12371.00105122,,,,,,,ISLAND,10-06-15,83,BANDINI ISLANDS,30.67401855,BANDINI ISLANDS,,0.04792815,UNINCORPORATED AREA,,,1336157.39941406,12371.0006288997,f4d6415c-a800-4798-a1b2-f406b0562d62
4438,73031964.5485315,65453.47375401,,,,BELL,,,,,121,,1676.58320818,BELL,,2.61966126,INCORPORATED CITY,,,73031993.0322266,65453.4078444068,425caeba-685a-4d92-b16b-f084b12213e3
4439,68726864.2587684,38914.69821033,,,,BELL GARDENS,,,,,67,,1577.75170475,BELL GARDENS,,2.46523704,INCORPORATED CITY,,,68727192.3066406,38914.4620660493,26e5b82b-a9e1-4447-a11a-2736bc9f5dfb
4440,172365469.217042,59303.39578265,,,,BELLFLOWER,,,,,67,,3956.96669461,BELLFLOWER,,6.18276046,INCORPORATED CITY,,,172365522.212891,59303.2327384528,72ebe1db-4373-439f-86b9-27d43a8abfb8
4441,159284484.635581,86933.08991763,,,,BEVERLY HILLS,,,,,13,,3656.66860963,BEVERLY HILLS,,5.7135447,INCORPORATED CITY,,,159284635.889648,86931.7828664599,c4617214-1de7-4ede-a4d7-71400131e84b
4442,54804554.3268569,38977.31979424,,,,BRADBURY,,,,,13,,1258.13944736,BRADBURY,,1.96584289,INCORPORATED CITY,,,54804680.9033203,38976.9853658146,8cca0f94-e0b1-4551-be8a-34d89d58476b
4443,483524817.864779,102132.04519636,,,,BURBANK,,,,,25,,11100.20243032,BURBANK,,17.3440663,INCORPORATED CITY,,,483524814.556641,102132.028414441,035fde24-cfb3-4779-bf44-20f9bfc40bfb
4444,383589298.185769,149080.09947546,,,,CALABASAS,,,,,67,,8805.99858094,CALABASAS,,13.75937278,INCORPORATED CITY,,,383589484.099609,149079.633252047,56260a51-ca1e-45e3-920b-13291bfb7216
4445,528001068.533383,127691.80774022,,,,CARSON,,,,,67,,12121.23665136,CARSON,,18.93943227,INCORPORATED CITY,,,528000995.904297,127691.648471079,d8d551a7-0709-4c29-adac-20aab3b1eba7
4446,246795500.153829,119842.66294581,,,,CERRITOS,,,,,121,,5665.64509077,CERRITOS,,8.85257046,INCORPORATED CITY,,,246795357.376953,119842.606922,a0a9a189-6a29-4e46-9d71-f77967741e87
4447,1829406.89025798,9920.42573477,,,,,,,ISLAND,10-06-15,83,CERRITOS ISLANDS,41.99740336,CERRITOS ISLANDS,,0.06562094,UNINCORPORATED AREA,,,1829126.83984375,9920.39000348199,f170fb05-506d-41bb-b507-eb9f2bfed1b0
4448,28413089.465137,74446.85366462,,,,,,,ISLAND,10-06-15,83,CHARTER OAK,652.27478111,CHARTER OAK,,1.01917935,UNINCORPORATED AREA,,,28413096.1152344,74446.6940389028,f2f3cfdf-f758-4691-8812-d138ccc792f5
4449,375529422.927098,150129.11962965,,,,CLAREMONT,,,,,13,,8620.96930503,CLAREMONT,,13.47026454,INCORPORATED CITY,,,375529320.791992,150128.911780353,413a6c48-194d-46dc-b64d-ac2550bb8be2
4450,182709295.09409,93329.18163774,,,,COMMERCE,,,,,93,,4194.42826203,COMMERCE,,6.55379416,INCORPORATED CITY,,,182709004.225586,93329.0236192248,577eb87e-5b37-444d-bbc9-67c55348d969
4451,281544383.295717,178064.2815168,,,,COMPTON,,,,,13,,6463.3696808,COMPTON,,10.09901513,INCORPORATED CITY,,,281544324.907227,178064.083565492,82afcbbd-c43e-4668-9a10-07bb6b1a6857
4452,196294775.322259,186230.23655198,,,,COVINA,,,,,13,,4506.30797342,COVINA,,7.04110621,INCORPORATED CITY,,,196294980.12207,186228.783199848,842727fd-4871-470d-8f77-d38eae08cc9a
4453,36407634.6223797,82871.12782097,,,,,,,ISLAND,10-06-15,83,COVINA ISLANDS,835.80428426,COVINA ISLANDS,,1.30594419,UNINCORPORATED AREA,,,36407645.5,82870.8030187161,b54305ae-ed5e-46e3-a1b4-322a1f390462
4454,34261313.1096353,33735.18074878,,,,CUDAHY,,,,,93,,786.53152226,CUDAHY,,1.2289555,INCORPORATED CITY,,,34261137.2353516,33735.1635702019,8acf333d-cfc8-404d-95e6-781e357b8523
4455,143154915.735555,116905.18807817,,,,CULVER CITY,,,,,13,,3286.38465876,CULVER CITY,,5.13497603,INCORPORATED CITY,,,143154909.24707,116905.172222019,74cc58d4-3f5e-40d8-aa14-6b4fc1e77493
4456,28341614.28389,35047.1854544,,,,,,,ISLAND,10-06-15,83,DEL AIRE,650.63393673,DEL AIRE,,1.01661553,UNINCORPORATED AREA,,,28341655.8710938,35047.0083616109,d325a2f8-7402-4583-975c-5e08b02b928c
4457,414927570.625196,110700.05770712,,,,DIAMOND BAR,,,,,13,,9525.42632289,DIAMOND BAR,,14.88347863,INCORPORATED CITY,,,414927981.478516,110699.728667606,8d607cc3-fd30-468e-a7ef-0ac6badd6bde
4458,350381669.449709,90480.46396046,,,,DOWNEY,,,,,13,,8043.65632346,DOWNEY,,12.56821301,INCORPORATED CITY,,,350381854.006836,90479.9730250226,f6b20842-a1a1-451d-80ca-3d2ea90853e9
4459,186772484.621336,111786.30393897,,,,DUARTE,,,,,121,,4287.70625852,DUARTE,,6.69954103,INCORPORATED CITY,,,186772461.341797,111786.071094106,62068820-e1fa-4c77-9b9b-b71b3f5747ee
4460,12223628.8984812,28003.55208993,,,,,,,ISLAND,10-06-15,83,EAST AZUSA,280.61590676,EAST AZUSA,,0.43846235,UNINCORPORATED AREA,,,12223628.8984375,28003.5520900211,991549d6-f5dd-401f-98b1-9e0e2d186e11
4461,41385465.1462011,62266.21279665,,,,,,,ISLAND,10-06-15,83,EAST IRWINDALE,950.07954881,EAST IRWINDALE,,1.4844993,UNINCORPORATED AREA,,,41385395.6083984,62265.9377088313,3aff10eb-ece1-4a40-9143-e2bacdfcc692
4462,207436735.6278,87358.72439875,,,,,,,COMMUNITY,06-23-88,83,EAST LOS ANGELES,4762.09218613,EAST LOS ANGELES,,7.44076904,UNINCORPORATED AREA,,,207436721.325195,87358.5927839061,810aa408-3a54-44f4-ac8f-273611d84c18
4463,98253560.1990021,114524.70665214,,,,,,,ISLAND,10-06-15,83,EAST PASADENA - EAST SAN GABRIEL,2255.5913728,EAST PASADENA - EAST SAN GABRIEL,,3.52436152,UNINCORPORATED AREA,,,98253630.0673828,114524.442440264,a9da70c8-0f83-45a3-b6f0-4551235af009
4464,23023384.4942901,49819.80482901,,,,,,,ISLAND,10-06-15,83,EAST RANCHO DOMINGUEZ,528.54418031,EAST RANCHO DOMINGUEZ,,0.82585028,UNINCORPORATED AREA,,,23023412.4033203,49819.5811187788,0ceb392b-2877-4f05-b790-c6483b982d67
4465,5872909.09157809,16319.22306223,,,,,,,ISLAND,10-06-15,83,EAST SAN DIMAS,134.82344104,EAST SAN DIMAS,,0.21066163,UNINCORPORATED AREA,,,5872927.72363281,16319.2016618432,4cde286b-963c-4fed-9e07-6b2633f091b0
4466,268024723.228157,106796.30257495,,,,EL MONTE,,,,,25,,6153.00099238,EL MONTE,,9.61406405,INCORPORATED CITY,,,268024589.416016,106796.141883132,187ba23a-0a2e-4631-ba6f-fe99c1e6ddb6
4467,151886393.23849,58301.42787875,,,,EL SEGUNDO,,,,,25,,3486.8318007,EL SEGUNDO,,5.44817469,INCORPORATED CITY,,,151886457.295898,58301.4104596797,ee588501-3d1f-4022-af8f-4f077359d58b
4468,97220280.3593804,54561.05163832,,,,,,,COMMUNITY,09-03-19,83,FLORENCE - FIRESTONE,2231.87053167,FLORENCE - FIRESTONE,,3.48729771,UNINCORPORATED AREA,,,97220282.59375,54561.0508718011,7dbdbe56-fbff-438b-8d97-0fdfc5691e70
4469,4943480.72814729,11130.57441352,,,,,,,ISLAND,10-06-15,83,FRANKLIN CANYON,113.48670175,FRANKLIN CANYON,,0.17732297,UNINCORPORATED AREA,,,4943452.32324219,11130.3242198229,f33c8365-8f91-4227-9da1-6e141e2e9c2d
4470,163261919.057629,65943.34705136,,,,GARDENA,,,,,25,,3747.9779398,GARDENA,,5.85621553,INCORPORATED CITY,,,163261902.837891,65943.3297926495,691242b9-f0f6-4c72-8a76-5899d3aba73e
4471,27511.85322348,750.21513593,,,,,,,ISLAND,10-06-15,83,GILMORE ISLAND,0.63158524,GILMORE ISLAND,,0.00098685,UNINCORPORATED AREA,,,27511.8515625,750.21513591029,2b257eaa-f8c6-457d-b4bf-61432e3553d1
4472,853135855.093957,190483.83576726,,,,GLENDALE,,,,,13,,19585.30429509,GLENDALE,,30.60203797,INCORPORATED CITY,,,853135867.132813,190483.545105109,d483aad5-22e4-4ea1-83b7-74e94265c774
4473,547798770.128151,165574.09663706,,,,GLENDORA,,,,,67,,12575.72934178,GLENDORA,,19.6495771,INCORPORATED CITY,,,547798658.413086,165573.817478184,769e0398-f142-4596-a19b-3bc2541ee1e8
4474,10943624.3523542,24248.37750523,,,,,,,ISLAND,10-06-15,83,GLENDORA ISLANDS,251.23104574,GLENDORA ISLANDS,,0.39254851,UNINCORPORATED AREA,,,10943684.6201172,24248.1390448275,e6f0d07e-7e89-4b6a-b7d8-7a1c1d420db4
4475,330579033.72092,91704.64409327,,,,,,,COMMUNITY,10-31-78,83,HACIENDA HEIGHTS,7589.0503609,HACIENDA HEIGHTS,,11.85789119,UNINCORPORATED AREA,,,330579119.624023,91704.4772870466,cb1bbbea-23b1-4775-9bcf-4d9d92221d96
4476,26643909.8913314,25777.71708767,,,,HAWAIIAN GARDENS,,,,,67,,611.66000669,HAWAIIAN GARDENS,,0.95571876,INCORPORATED CITY,,,26643876.8671875,25777.6906872126,257c205f-27d9-46db-a73c-2e7501cb5748
4477,169576200.482963,110160.89895834,,,,HAWTHORNE,,,,,13,,3892.93389538,HAWTHORNE,,6.08270921,INCORPORATED CITY,,,169576106.87793,110160.41422501,b6d200a4-00e6-4046-8211-7c3a3ec5f57c
4478,3321073.67269821,8005.96773957,,,,,,,ISLAND,10-06-15,83,HAWTHORNE ISLAND,76.24136071,HAWTHORNE ISLAND,,0.11912713,UNINCORPORATED AREA,,,3321076.54882813,8005.96757849118,61621bcb-cbbb-4d0b-abc3-c70f51b5d6dd
4479,41502317.4313941,28779.11250976,,,,HERMOSA BEACH,,,,,13,,952.76210816,HERMOSA BEACH,,1.48869079,INCORPORATED CITY,,,41502322.0820313,28779.1108737164,647ebc75-32d0-49f5-abda-6c8bbe73adfe
4480,47047751.0234953,42754.7420616,,,,HIDDEN HILLS,,,,,13,,1080.06774618,HIDDEN HILLS,,1.68760585,INCORPORATED CITY,,,47047820.8613281,42754.6369920555,87e575be-71ba-43bf-9438-da7d125fd6fa
4481,84037173.7469152,66357.02969621,,,,HUNTINGTON PARK,,,,,13,,1929.22804745,HUNTINGTON PARK,,3.01441882,INCORPORATED CITY,,,84037433.9355469,66356.9861679115,75fa567e-3542-492a-ab4a-e83ab7c0b9a9
4482,335664456.415355,366508.24445318,,,,INDUSTRY,,,,,67,,7705.79560182,INDUSTRY,,12.04030563,INCORPORATED CITY,,,335664471.291992,366507.327200891,2b31d2e0-a0d5-4e8c-9cd0-5d9b05c74d55
4483,253644549.836492,90388.61508737,,,,INGLEWOOD,,,,,25,,5822.87763628,INGLEWOOD,,9.09824631,INCORPORATED CITY,,,253644347.450195,90388.236861275,4c3b11e7-c180-420c-9f8f-e7a760c08326
4484,268566094.622993,131448.83889467,,,,IRWINDALE,,,,,67,,6165.42916949,IRWINDALE,,9.63348308,INCORPORATED CITY,,,268565970.405273,131448.512970672,69c1fe33-102b-4786-aa1a-f7dee1510a8f
4485,290741923.036448,111054.70830144,,,,,,,ISLAND,10-06-15,83,KAGEL / LOPEZ CANYONS,6674.5161395,KAGEL / LOPEZ CANYONS,,10.42893147,UNINCORPORATED AREA,,,290741939.878906,111054.616470939,8d2406d9-ea30-416a-88c8-1ca48d67653d
4486,45546288.1572171,56488.88751341,,,,,,,ISLAND,10-06-15,83,KINNELOA MESA,1045.59890168,KINNELOA MESA,,1.63374828,UNINCORPORATED AREA,,,45546215.8564453,56487.9794540804,dbb62f19-3d15-4171-a571-b22ea994428e
4487,241050349.792613,92281.65480423,,,,LA CANADA FLINTRIDGE,,,,,67,,5533.75458661,LA CANADA FLINTRIDGE,,8.64649154,INCORPORATED CITY,,,241050545.067383,92280.6975816236,12e7ef45-143d-4494-b075-6dd85953a0dc
4488,96206634.5001263,55790.30616936,,,,,,,ISLAND,10-06-15,83,LA CRESCENTA - MONTROSE,2208.6004247,LA CRESCENTA - MONTROSE,,3.45093816,UNINCORPORATED AREA,,,96206460.5097656,55790.0854855061,f3972be8-051c-47a8-afee-e7b1fc2779cb
4489,171716528.766826,69894.20069126,,,,LA HABRA HEIGHTS,,,,,13,,3942.06907178,LA HABRA HEIGHTS,,6.15948293,INCORPORATED CITY,,,171716576.818359,69894.067115001,0e2a9dab-e674-469d-b56a-70c4eb92aedf
4490,4519388.17125709,12038.28156521,,,,,,,ISLAND,10-06-15,83,LA HABRA HEIGHTS ISLANDS,103.75087629,LA HABRA HEIGHTS ISLANDS,,0.16211074,UNINCORPORATED AREA,,,4519355.74023438,12038.1742020643,5374e960-bc7c-4cf5-9c69-334b95aabdc0
4491,218806007.994886,79824.96767458,,,,LA MIRADA,,,,,13,,5023.09476572,LA MIRADA,,7.84858557,INCORPORATED CITY,,,218805991.40625,79824.9084268065,88d92fef-e572-4f1a-816a-53aa31beacec
4492,96859865.5009368,86933.8318226,,,,LA PUENTE,,,,,13,,2223.59654502,LA PUENTE,,3.4743696,INCORPORATED CITY,,,96859901.1005859,86933.3876316853,f3576de4-9f11-4b7c-a2de-e0a7eb3dc247
4493,5867159.0798789,14131.36671344,,,,,,,ISLAND,10-06-15,83,LA RAMBLA,134.69143893,LA RAMBLA,,0.21045537,UNINCORPORATED AREA,,,5867159.06542969,14131.3667134588,598fd5c1-4643-4aa9-8d62-438758d4ccc0
4494,237570220.41762,115462.50811938,,,,LA VERNE,,,,,93,,5473.93576290566,LA VERNE,,8.55302462954009,INCORPORATED CITY,,,238444641.861328,116826.249164982,34449533-6196-41c1-a56c-efe68286a252
4495,134066848.826373,81744.21837619,,,,,,,ISLAND,10-06-15,83,LADERA HEIGHTS / VIEW PARK - WINDSOR HILLS,3077.75135047,LADERA HEIGHTS / VIEW PARK - WINDSOR HILLS,,4.80898649,UNINCORPORATED AREA,,,134067003.482422,81743.7443529762,88e471d8-6ee0-43e6-9121-824c21de651a
4496,263532451.108058,124225.49030453,,,,LAKEWOOD,,,,,13,,6049.87261497,LAKEWOOD,,9.45292596,INCORPORATED CITY,,,263532835.938477,124225.34758494,07581132-1094-4431-bdba-330dec9328a8
4497,2635041132.67733,678788.54062496,,,,LANCASTER,,,,,13,,60492.22067671,LANCASTER,,94.51909482,INCORPORATED CITY,,,2635041195.00293,678788.39415381,56f15f4d-06a3-481f-a7b1-9d825b2694db
4498,54864305.4581157,36901.69420397,,,,LAWNDALE,,,,,121,,1259.51114458,LAWNDALE,,1.96798616,INCORPORATED CITY,,,54864215.5546875,36901.6702922278,610241f6-6c8a-4f64-a58c-8ce97b91eeb5
4499,30562151.3329411,33135.98891322,,,,,,,ISLAND,10-06-15,83,LENNOX,701.61045301,LENNOX,,1.09626633,UNINCORPORATED AREA,,,30562325.9726563,33135.9616239797,15cc5337-7259-437a-8d2c-db2c974c0498
4500,53480714.9937196,44930.29755796,,,,LOMITA,,,,,121,,1227.74827809,LOMITA,,1.91835668,INCORPORATED CITY,,,53480645.2109375,44929.9654375574,24e0cfea-7812-4b7f-9e4a-d3c7770cbd94
4501,1444673189.19361,626920.84478133,,,,LONG BEACH,,,,,25,,33165.1329016,LONG BEACH,,51.82052017,INCORPORATED CITY,,,1444673212.4248,626920.701125751,37e81234-bd62-4cf7-a3cd-ee1048219e78
4502,4123221.37521677,10842.19930925,,,,,,,ISLAND,10-06-15,83,LONG BEACH ISLAND,94.65613809,LONG BEACH ISLAND,,0.14790022,UNINCORPORATED AREA,,,4123221.36816406,10842.1993092288,42b2c1a6-86fb-45b1-9890-88646be3cfd4
4503,13193251962.0189,1840905.71883553,,,,LOS ANGELES,,,,,0,,302875.476100498,LOS ANGELES,,473.242931407028,INCORPORATED CITY,,,13193255738.8965,1840888.54116509,2e78ce4d-7342-4ed6-8b9f-4b7a52d39c31
4504,135012335.934811,72152.78476694,,,,LYNWOOD,,,,,67,,3099.45674781,LYNWOOD,,4.84290117,INCORPORATED CITY,,,135012046.219727,72152.4918684557,df101348-9af4-47a0-a097-31375aa9076a
4505,3629760.94342775,10654.99887453,,,,,,,ISLAND,10-06-15,83,LYNWOOD ISLAND,83.32784535,LYNWOOD ISLAND,,0.13019976,UNINCORPORATED AREA,,,3629760.94335938,10654.998874494,9a94621f-7fea-41d2-9a32-262ca4556449
4506,549215800.981154,251808.90732552,,,,MALIBU,,,,,121,,12608.25989397,MALIBU,,19.70040609,INCORPORATED CITY,,,549215452.948242,251808.259944292,f63a37d2-ae42-455c-88c9-baaab5c613ad
4507,110939078.172138,47981.78056183,,,,MANHATTAN BEACH,,,,,67,,2546.81079367,MANHATTAN BEACH,,3.97939187,INCORPORATED CITY,,,110939014.125,47981.7631426791,02f02a89-0304-4540-983b-bf3280da4919
4508,33072365.7421517,24969.64863833,,,,,,,COASTAL,02-08-96,83,MARINA DEL REY,759.23704642,MARINA DEL REY,,1.18630789,UNINCORPORATED AREA,,,33072416.1054688,24969.5822879837,6ff9ff18-1af8-4164-a219-f4d0358058ac
4509,32839473.02087,30091.87432602,,,,MAYWOOD,,,,,67,,753.89056522,MAYWOOD,,1.17795401,INCORPORATED CITY,,,32839478.8427734,30091.8723802191,16c43dfd-6928-48db-bf15-37003f8d6d8b
4510,383232809.972364,144060.34158222,,,,MONROVIA,,,,,25,,8797.81473766,MONROVIA,,13.74658553,INCORPORATED CITY,,,383232634.834961,144059.981025503,33c5fc16-7492-4758-aa02-3aa105ed9c39
4511,233317767.921444,99415.23099619,,,,MONTEBELLO,,,,,25,,5356.238933,MONTEBELLO,,8.36912333,INCORPORATED CITY,,,233317811.244141,99414.8182207526,bd13cb0d-3a2d-41f2-b058-f4e206952053
4512,215703351.619498,79729.91006843,,,,MONTEREY PARK,,,,,13,,4951.86757621,MONTEREY PARK,,7.73729309,INCORPORATED CITY,,,215703219.021484,79729.4760581982,970dd608-7c01-4aa9-b0d3-e9882c010330
4513,23903511.6917432,39193.38324541,,,,,,,ISLAND,10-06-15,83,NORTH CLAREMONT,548.74912056,NORTH CLAREMONT,,0.8574205,UNINCORPORATED AREA,,,23903604.6982422,39193.1888807046,d2f6c776-5251-42b6-a817-f7d24a6e87eb
4514,1422072.48111038,7871.5758851,,,,,,,ISLAND,10-06-15,83,NORTH POMONA,32.64629204,NORTH POMONA,,0.05100983,UNINCORPORATED AREA,,,1422072.48046875,7871.5758850387,ab1cbee8-b8e9-4140-95b6-9f1c6be40698
4515,154230445.338568,87788.89949167,,,,,,,ISLAND,10-06-15,83,NORTH WHITTIER,3540.64383238,NORTH WHITTIER,,5.53225599,UNINCORPORATED AREA,,,154230436.064453,87788.689537205,391c63d9-1fcc-467d-8dff-0fe40747c7cf
4516,51663644.2183577,34596.41609028,,,,,,,ISLAND,10-06-15,83,NORTHEAST LA VERNE,1186.03407297,NORTHEAST LA VERNE,,1.85317824,UNINCORPORATED AREA,,,51663731.9111328,34596.3403742728,01b4f745-f1cd-461d-b5bb-a9b627c17ab4
4517,2405934.46351526,6428.58320624,,,,,,,ISLAND,10-06-15,83,NORTHEAST SAN DIMAS,55.23265527,NORTHEAST SAN DIMAS,,0.08630102,UNINCORPORATED AREA,,,2405892.171875,6428.31391723799,a17cda75-fdee-4e17-ac81-5fdad90ff8ea
4518,272023546.507774,91611.51933978,,,,NORWALK,,,,,25,,6244.80134315,NORWALK,,9.7575021,INCORPORATED CITY,,,272023719.387695,91611.4632579269,a84babcd-47ea-40b2-8d20-5150a01ed07b
4519,700131145.685871,153219.6452233,,,,,,,ISLAND,10-06-15,83,OAT MOUNTAIN,16072.79948774,OAT MOUNTAIN,,25.1137492,UNINCORPORATED AREA,,,700131153.637695,153219.535478826,68776251-1292-482d-a8d5-b3c63a7c3379
4520,2962841779.27367,682753.81064487,,,,PALMDALE,,,,,67,,68017.48804577,PALMDALE,,106.27732509,INCORPORATED CITY,,,2962841156.59473,682752.834790507,9e1bf6cc-9697-47b6-91a6-f75823bf4fd9
4521,133376209.588628,72487.76569849,,,,PALOS VERDES ESTATES,,,,,121,,3061.8964552,PALOS VERDES ESTATES,,4.78421321,INCORPORATED CITY,,,133376154.490234,72487.5562270324,18248682-098a-4249-9d31-ba52c722574f
4522,134393595.234874,67953.91959809,,,,PARAMOUNT,,,,,121,,3085.25241586,PARAMOUNT,,4.8207069,INCORPORATED CITY,,,134393837.274414,67953.7386673178,5f544873-6b9a-4ead-b772-1343a36617b5
4523,644180382.975422,283066.77382693,,,,PASADENA,,,,,25,,14788.34671661,PASADENA,,23.10679175,INCORPORATED CITY,,,644180404.349609,283063.736618646,9f1a1809-35b2-4715-bed3-2fbe78645cf5
4524,36203907.6001188,38705.19477676,,,,,,,COASTAL,10-10-14,83,PEPPERDINE UNIVERSITY,831.12735537,PEPPERDINE UNIVERSITY,,1.29863649,UNINCORPORATED AREA,,,36204251.4804688,38704.6028467686,379527bf-e0d5-4632-b380-4b8d0bb42f6c
4525,248302342.484378,95344.99884198,,,,PICO RIVERA,,,,,121,,5700.23743077,PICO RIVERA,,8.90662099,INCORPORATED CITY,,,248301894.087891,95344.6902940593,474e2d88-dc05-4f82-9008-7a1cf14e6c93
4526,641044510.5299,163137.29415631,,,,POMONA,,,,,25,,14716.35699104,POMONA,,22.9943078,INCORPORATED CITY,,,641044285.027344,163136.885428183,9bff8927-4745-4ec4-9ec5-d1cfa9893972
4527,75305836.2161857,41409.93393476,,,,,,,ISLAND,10-06-15,83,RANCHO DOMINGUEZ,1728.78411883,RANCHO DOMINGUEZ,,2.70122519,UNINCORPORATED AREA,,,75305808.9355469,41409.8382237336,6c5d6f51-430e-40f3-ac2e-978312f7eba4
4528,376914251.425668,206640.55475735,,,,RANCHO PALOS VERDES,,,,,13,,8652.76059288,RANCHO PALOS VERDES,,13.51993843,INCORPORATED CITY,,,376914047.022461,206637.828084609,e0d0e17a-6532-43c6-9af8-2155c0583fc6
4529,174106267.043098,113084.30405836,,,,REDONDO BEACH,,,,,25,,3996.92991375,REDONDO BEACH,,6.24520299,INCORPORATED CITY,,,174106321.935547,113084.119469123,f3de18b4-6ad8-413f-9205-429bbc25232d
4530,83379375.1743868,48172.9372097,,,,ROLLING HILLS,,,,,25,,1914.12707012,ROLLING HILLS,,2.99082355,INCORPORATED CITY,,,83379649.5341797,48172.7924229985,da4dccac-f87f-4dfb-9631-4d4559e1ff3e
4531,100255333.098069,122700.21420632,,,,ROLLING HILLS ESTATES,,,,,67,,2301.54575524,ROLLING HILLS ESTATES,,3.59616524,INCORPORATED CITY,,,100255375.056641,122696.852561915,c585d875-78c2-482f-a5f3-dff5a3ae49c6
4532,144215332.676855,94462.9214639,,,,ROSEMEAD,,,,,121,,3310.72848202,ROSEMEAD,,5.17301325,INCORPORATED CITY,,,144215425.72168,94462.3787649058,51aa7b40-9f3b-4840-8e48-9a1c88935708
4533,363515781.711142,103868.78234283,,,,,,,COMMUNITY,09-01-81,83,ROWLAND HEIGHTS,8345.17405214,ROWLAND HEIGHTS,,13.03933446,UNINCORPORATED AREA,,,363515841.067383,103868.66773019,16c6b615-2e8d-4f0d-ad04-6a12a6863888
4534,1573236387.3569,389342.8022614,,,,,,,MILITARY,10-06-15,83,SAN CLEMENTE ISLAND,36116.53781811,SAN CLEMENTE ISLAND,,56.43209035,UNINCORPORATED AREA,,,1573236387.33691,389342.802261101,6d70084f-f517-4fcb-b4cd-958ca47e6ba4
4535,429645192.829581,170602.49691751,,,,SAN DIMAS,,,,,121,,9863.29643778,SAN DIMAS,,15.41140069,INCORPORATED CITY,,,429644581.799805,170600.971068764,8b5fe466-42ed-4fd8-9db8-3a6c068bfd3a
4536,66111108.3570641,36555.26960407,,,,SAN FERNANDO,,,,,25,,1517.70221205,SAN FERNANDO,,2.37140971,INCORPORATED CITY,,,66111063.8789063,36555.2593733819,55a5fd7d-daad-4353-b47a-af873980db1d
4537,115227230.006952,96562.15454529,,,,SAN GABRIEL,,,,,67,,2645.25321412,SAN GABRIEL,,4.13320815,INCORPORATED CITY,,,115227099.915039,96561.9327649526,c3c8ccc8-09a8-4eb6-ac66-42012678e085
4538,105008650.706331,56652.64820596,,,,SAN MARINO,,,,,13,,2410.66691245,SAN MARINO,,3.76666705,INCORPORATED CITY,,,105008829.876953,56652.0824350596,baafb3b2-d621-4393-b8ca-f080a030b3f9
4539,7133668.22568517,13946.21188581,,,,,,,ISLAND,10-06-15,83,SAN PASQUAL,163.76648819,SAN PASQUAL,,0.25588514,UNINCORPORATED AREA,,,7133666.63964844,13946.1817062066,04dac359-d7a5-4216-9d36-80761669d3e6
4540,1999368368.69911,415797.14595755,,,,,,,COASTAL,11-17-83,83,SANTA CATALINA ISLAND,45899.18201789,SANTA CATALINA ISLAND,,71.71747191,UNINCORPORATED AREA,,,1999368368.76953,415797.145957307,219671cd-cfa5-4208-b4ba-3157e3684447
4541,1975774629.4069,364748.38547103,,,,SANTA CLARITA,,,,,25,,47145.7709442198,SANTA CLARITA,,73.6652671003434,INCORPORATED CITY,,,2053677997.06738,401766.751929924,e8ac9368-b3bd-43fa-ba30-17cc91fd386c
4542,11331019732.4683,917840.30959173,,,,,,,AREA,11-27-12,83,SANTA CLARITA VALLEY,260124.41993729,SANTA CLARITA VALLEY,,406.4444062,UNINCORPORATED AREA,,,11253116361.5146,954858.675432888,85a1a100-8fe8-4ace-b055-8317c40e64f5
4543,247463971.407973,157492.07609839,,,,SANTA FE SPRINGS,,,,,67,,5680.99107915,SANTA FE SPRINGS,,8.87654856,INCORPORATED CITY,,,247463678.09082,157491.797035542,7c22df8e-f9f5-44e0-a77d-48608b6b325a
4544,237705045.811473,65954.4044536,,,,SANTA MONICA,,,,,25,,5456.95697455,SANTA MONICA,,8.52649527,INCORPORATED CITY,,,237705094.46582,65954.3306927276,6d09112a-7120-421a-868a-24012de1b9e4
4545,2230730224.0766,330049.21495482,,,,,,,COASTAL,10-10-14,83,SANTA MONICA MOUNTAINS COASTAL ZONE,51210.51937733,SANTA MONICA MOUNTAINS COASTAL ZONE,,80.01643654,UNINCORPORATED AREA,,,2230730236.11523,330049.110488882,5cec5e6f-6494-40ab-ae15-1d8119815f20
4546,901077780.899,380289.22092841,,,,,,,AREA,10-24-00,83,SANTA MONICA MOUNTAINS NORTH AREA,20685.89946967,SANTA MONICA MOUNTAINS NORTH AREA,,32.32171793,UNINCORPORATED AREA,,,901077351.74707,380285.522570725,ed831880-68ca-4f1f-b96f-7e3d63232b6f
4547,82445645.7181197,40137.83674215,,,,SIERRA MADRE,,,,,67,,1892.69159133,SIERRA MADRE,,2.95733061,INCORPORATED CITY,,,82445642.4501953,40137.8307769956,ade9803d-d136-4a34-aa35-b74f1dc3fc6b
4548,61291467.7259857,56461.55446536,,,,SIGNAL HILL,,,,,121,,1407.05848774,SIGNAL HILL,,2.19852889,INCORPORATED CITY,,,61291506.7568359,56461.5458763217,4cf46e59-addd-4946-af4c-6382d70f48eb
4549,154944638.981419,66592.1943992,,,,,,,ISLAND,10-06-15,83,SOUTH DIAMOND BAR,3557.03946238,SOUTH DIAMOND BAR,,5.55787416,UNINCORPORATED AREA,,,154944635.979492,66592.194073779,9a0f12b6-8239-49f4-8f24-a89a77285072
4550,79451040.9590501,62002.14968303,,,,SOUTH EL MONTE,,,,,13,,1823.9449256,SOUTH EL MONTE,,2.84991395,INCORPORATED CITY,,,79450913.7939453,62002.0686480635,08d7ad6d-a2f5-4632-af04-08f63b998a8f
4551,109509.35617397,1637.68570118,,,,,,,ISLAND,10-06-15,83,SOUTH EL MONTE ISLAND,2.51398889,SOUTH EL MONTE ISLAND,,0.00392811,UNINCORPORATED AREA,,,109512.579101563,1637.68091704235,5bafaf3f-850c-4b51-ba5f-b2732a9ad52e
4552,204962181.505351,102569.1287269,,,,SOUTH GATE,,,,,25,,4705.28424025,SOUTH GATE,,7.35200663,INCORPORATED CITY,,,204962021.410156,102568.741767608,d2471b32-f241-4f99-a4a2-33b3ff65b16d
4553,47222851.8604371,71107.55895642,,,,,,,ISLAND,10-06-15,83,SOUTH MONROVIA ISLANDS,1084.08750827,SOUTH MONROVIA ISLANDS,,1.69388673,UNINCORPORATED AREA,,,47222918.4013672,71107.2584272377,ceb82194-a1cf-4b5c-a9cd-2dfe03ea1a58
4554,95202616.8874996,43466.63691224,,,,SOUTH PASADENA,,,,,67,,2185.55135187,SOUTH PASADENA,,3.41492399,INCORPORATED CITY,,,95202612.6132813,43466.6364659629,36a75b84-50c0-43c4-a163-f073e8986e48
4555,25891666.8364976,43525.81036266,,,,,,,ISLAND,10-06-15,83,SOUTH SAN GABRIEL,594.39088238,SOUTH SAN GABRIEL,,0.92873575,UNINCORPORATED AREA,,,25891742.9501953,43525.5769559673,c8dcbe51-5d0e-48fa-a6bb-b1c58fe5f83d
4556,42047179.1431872,45222.04147869,,,,,,,ISLAND,10-06-15,83,SOUTH SAN JOSE HILLS,965.27041192,SOUTH SAN JOSE HILLS,,1.50823502,UNINCORPORATED AREA,,,42047185.2958984,45221.9094531011,bf45e885-2ee8-41b1-a8c9-48cf64930f85
4557,3839169.50631058,42228.11705171,,,,,,,ISLAND,10-06-15,83,SOUTH WALNUT,88.13520446,SOUTH WALNUT,,0.13771126,UNINCORPORATED AREA,,,3838976.53222656,42227.9490889297,a670f2d5-ad77-42e6-b480-65e4bebc0d7d
4558,179734776.466191,100205.77653255,,,,,,,ISLAND,10-06-15,83,SOUTH WHITTIER - SUNSHINE ACRES,4126.14271043,SOUTH WHITTIER - SUNSHINE ACRES,,6.44709799,UNINCORPORATED AREA,,,179734743.446289,100205.636212209,b4f81c90-b3a6-47c9-b1c4-e55b4b79a243
4559,53443176.5385794,53362.6701253,,,,,,,ISLAND,10-06-15,83,SYLMAR ISLAND,1226.88651374,SYLMAR ISLAND,,1.91701018,UNINCORPORATED AREA,,,53443144.7519531,53362.5407533264,f99f323a-4cdc-4522-b6c0-942267865dde
4560,112226946.464177,60500.03690773,,,,TEMPLE CITY,,,,,93,,2576.37618145,TEMPLE CITY,,4.02558778,INCORPORATED CITY,,,112226888.523438,60499.945584326,2ac1f0c9-89d5-4591-8714-2efdcb1624fc
4561,573294226.116652,140162.87712135,,,,TORRANCE,,,,,13,,13161.02447467,TORRANCE,,20.56410074,INCORPORATED CITY,,,573294050.964844,140162.352399105,32cab80a-2af2-4d83-abb9-bee35b3d1073
4562,1973379.54064088,7169.26447155,,,,,,,COMMUNITY,05-09-91,83,TWIN LAKES,45.30256062,TWIN LAKES,,0.07078525,UNINCORPORATED AREA,,,1973374.06152344,7169.15498820704,e5a71560-9bfc-4e21-901a-de3a5bd326fb
4563,14220424.7399937,19229.96636384,,,,,,,ISLAND,10-06-15,83,UNIVERSAL CITY,326.45603168,UNIVERSAL CITY,,0.51008755,UNINCORPORATED AREA,,,14220454.8515625,19229.5398988055,b6b9e9f3-a8ba-4726-9f0b-3d8f5cba554c
4564,56561824.9620213,53003.67293245,,,,,,,ISLAND,10-06-15,83,VALINDA,1298.48083017,VALINDA,,2.0288763,UNINCORPORATED AREA,,,56561605.9511719,53003.4406406832,60bce7d3-6c8b-42ce-bc25-deb32138593c
4565,143612428.44616,84908.16665569,,,,VERNON,,,,,25,,3296.88770538,VERNON,,5.15138704,INCORPORATED CITY,,,143612374.585938,84908.1168939997,3f8b7fca-74ac-4946-b8c1-14ed6c526baa
4566,88747616.6628232,55021.5829007,,,,,,,COMMUNITY,03-15-90,83,W ATHENS - WESTMONT,2037.36493716,W ATHENS - WESTMONT,,3.18338271,UNINCORPORATED AREA,,,88747616.6601563,55021.5829006256,05ae450f-2057-4ea7-b247-3f05cf143ed2
4567,110860969.336033,64794.74216824,,,,,,,ISLAND,10-06-15,83,W RANCHO DOMINGUEZ - VICTORIA,2545.01766153,W RANCHO DOMINGUEZ - VICTORIA,,3.9765901,UNINCORPORATED AREA,,,110860994.008789,64794.712151549,c47507be-434d-4a3a-8763-e6595550f239
4568,250345260.965132,91655.08744542,,,,WALNUT,,,,,121,,5747.13638579,WALNUT,,8.9799006,INCORPORATED CITY,,,250345321.564453,91654.6693498235,d9cdf606-155d-4f85-9823-6aa3a2cdd246
4569,105398029.872211,125089.379542,,,,,,,ISLAND,10-06-15,83,WALNUT ISLANDS,2419.6058281,WALNUT ISLANDS,,3.78063411,UNINCORPORATED AREA,,,105398179.689453,125088.116874374,0b3e3273-e51d-40aa-94aa-2f4d19978606
4570,20928599.6129815,23742.22377265,,,,,,,NEIGH,09-24-87,83,WALNUT PARK,480.45453657,WALNUT PARK,,0.75071021,UNINCORPORATED AREA,,,20928642.5361328,23741.9154500831,3d60e955-e39e-46e8-b75f-27345d0b1661
4571,71623769.8693653,67235.69696077,,,,,,,ISLAND,10-06-15,83,WEST CARSON,1644.25550664,WEST CARSON,,2.56914923,UNINCORPORATED AREA,,,71619716.9404297,67222.7236000094,348e3232-8d25-453f-b649-c3efd0a171a8
4572,53982555.6028111,48554.51875267,,,,,,,ISLAND,10-06-15,83,WEST CHATSWORTH,1239.26895323,WEST CHATSWORTH,,1.93635774,UNINCORPORATED AREA,,,53982550.6689453,48554.5168926491,71873227-0e94-4fb5-8aab-1bc221a49648
4573,34019683.5333801,48243.90204491,,,,,,,ISLAND,10-06-15,83,WEST CLAREMONT,760.913319644078,WEST CLAREMONT,,1.18892706194387,UNINCORPORATED AREA,,,33145384.1904297,49608.8067000177,1b26fc8f-6abc-4ede-a051-49cb9cf7fd00
4574,447949634.701174,204531.07783524,,,,WEST COVINA,,,,,25,,10283.50860196,WEST COVINA,,16.06798219,INCORPORATED CITY,,,447949779.394531,204529.409234519,d9f4cd02-a8fd-4a00-8a69-618b9a753dc4
4575,1353492.15340325,5303.92907352,,,,,,,ISLAND,10-06-15,83,WEST FOX HILLS,31.07190435,WEST FOX HILLS,,0.04854985,UNINCORPORATED AREA,,,1353492.15234375,5303.92907352856,64b7bc21-386f-4f07-a2c4-9b35305eb6c9
4576,52830067.8932579,57025.89147966,,,,WEST HOLLYWOOD,,,,,25,,1212.81147597,WEST HOLLYWOOD,,1.89501793,INCORPORATED CITY,,,52830105.9003906,57025.6885557353,1ed8e469-2994-438c-83b9-22424e37e881
4577,25171084.4224654,29530.11495381,,,,,,,ISLAND,10-06-15,83,WEST LOS ANGELES (SAWTELLE VA),577.84858637,WEST LOS ANGELES (SAWTELLE VA),,0.90288842,UNINCORPORATED AREA,,,25171174.3525391,29530.0694289577,b12d321b-7484-4576-854c-0b0dc0085db4
4578,52184692.0232735,58446.31783703,,,,,,,ISLAND,10-06-15,83,WEST PUENTE VALLEY,1197.99568465,WEST PUENTE VALLEY,,1.87186826,UNINCORPORATED AREA,,,52184687.1660156,58446.0633827789,cce66d0d-b349-4577-9d9f-7a040cedcc45
4579,10425420.2857522,22635.78218846,,,,,,,ISLAND,10-06-15,83,WEST SAN DIMAS,239.3347173,WEST SAN DIMAS,,0.3739605,UNINCORPORATED AREA,,,10425411.1210938,22635.7477449608,c0733398-24fd-4cf5-b0d6-3faed1c44e64
4580,72571238.7015493,77187.61335327,,,,,,,ISLAND,10-06-15,83,WEST WHITTIER - LOS NIETOS,1666.00639811,WEST WHITTIER - LOS NIETOS,,2.603135,UNINCORPORATED AREA,,,72571327.2910156,77187.4014858063,e5574c86-f0f4-4554-b315-5e8f7677b11c
4581,19224100.7778777,27170.48521098,,,,,,,ISLAND,10-06-15,83,WESTFIELD,441.32462759,WESTFIELD,,0.68956973,UNINCORPORATED AREA,,,19224093.6679688,27169.9711761117,fa7386fc-0dba-495e-b71f-5c1233b70e0f
4582,6192781.8152586,11670.53662411,,,,,,,ISLAND,10-06-15,83,WESTHILLS,142.16670834,WESTHILLS,,0.22213548,UNINCORPORATED AREA,,,6192767.90625,11670.5192844104,54bb9ebe-4496-4b1d-bc60-2399f710cd6a
4583,153389365.126091,64460.84751302,,,,WESTLAKE VILLAGE,,,,,13,,3521.33528756,WESTLAKE VILLAGE,,5.50208639,INCORPORATED CITY,,,153389518.794922,64457.8172252089,1b2923dd-0b43-470a-85e3-dfca7883497d
4584,408686692.246686,163336.37428625,,,,WHITTIER,,,,,25,,9382.15546939,WHITTIER,,14.65961792,INCORPORATED CITY,,,408686654.322266,163336.027535271,7033e92e-65cf-4d44-9c2e-239e9cdc5dfa
4585,114265743.288958,105990.75305778,,,,,,,ISLAND,10-06-15,83,WHITTIER NARROWS,2214.59625588134,WHITTIER NARROWS,,3.46030664981459,UNINCORPORATED AREA,,,96467812.9130859,80168.7106293107,37e82597-3198-4b39-a3c3-164aa246c9e1
4586,46781697.3568218,43261.4851245,,,,,,,ISLAND,10-06-15,83,WILLOWBROOK,1073.95999442,WILLOWBROOK,,1.67806249,UNINCORPORATED AREA,,,46781689.2441406,43261.4777379004,086884b1-5981-4a11-b629-2998b61fbfb1
4589,,,,,,,,,,,,,,,,,,,,,,f547f00f-0dd8-4e4e-aac4-5a383c7e3a04
4590,,,,,,,,,,,,,,,,,,,,,,e48aa1ae-ecd9-4442-b72b-72bdb4f6fc57
4591,,,,,,,,,,,,,,,,,,,,,,1139d701-0737-4fe5-ab73-8eeb466ba90e
4592,,,,,,,,,,,,,,,,,,,,,,651ff0fd-2bd8-431f-b20f-6feec0020cdb
4593,,,,,,,,,,,,,,,,,,,,,,f47ed6e8-e179-4862-9920-074346c66d34
4594,,,,,,,,,,,,,,,,,,,,,,71fe2b91-21ed-44b4-92ac-d887de074bd1
4595,,,,,,,,,,,,,,,,,,,,,,1a14d75d-325b-4ad3-8dac-dbbbb644e137
4596,,,,,,,,,,,,,,,,,,,,,,c17e2332-fd99-4794-86e5-d9b0fddf09e6
4603,,,,,,,,,,05-21-24,,NORTH WHITTIER,123.352874217286,NORTH WHITTIER,,0.192738865964509,UNINCORPORATED AREA,,,5373251.20117188,11965.297570397,72f43d89-f1cd-49b7-9073-2741549ddb9e
4604,,,,,,,,,,05-21-24,,SOUTH EL MONTE,83.3847967891673,SOUTH EL MONTE,,0.130288744983074,UNINCORPORATED AREA,,,3632241.74902344,8769.74992052516,0d399a40-d8e9-4a4e-b2bc-ef73ac66ae84
4605,,,,,,,,,,05-21-24,,PELLISSIER VILLAGE,201.8575797948,PELLISSIER VILLAGE,,0.315402468429374,UNINCORPORATED AREA,,,8792916.18066406,15695.9828520545,3bc712f2-0d67-43e1-a902-94312a72dd3e
